municipio_id,municipio_nome,municipio_cod_tjsp,municipio_nome_tjsp,comarca
3500105,Adamantina,6504,Adamantina,Município Adamantina da Comarca Adamantina - 5ª RAJ Presidente Prudente
3500204,Adolfo,6505,Adolfo,Município Adolfo está jurisdicionado à Comarca José Bonifácio - 8ª RAJ São José do Rio Preto
3500303,Aguaí,6506,Aguaí,Município Aguaí da Comarca Aguaí - 4ª RAJ Campinas
3500402,Águas da Prata,6507,Águas da Prata,Município Águas da Prata está jurisdicionado à Comarca São João da Boa Vista - 4ª RAJ Campinas
3500501,Águas de Lindóia,6508,Águas de Lindóia,Município Águas de Lindóia da Comarca Águas de Lindóia - 4ª RAJ Campinas
3500550,Águas de Santa Bárbara,6509,Águas de Santa Bárbara,Município Águas de Santa Bárbara está jurisdicionado à Comarca Cerqueira César - 3ª RAJ Bauru
3500600,Águas de São Pedro,6510,Águas de São Pedro,Município Águas de São Pedro está jurisdicionado à Comarca São Pedro - 4ª RAJ Campinas
3500709,Agudos,6511,Agudos,Município Agudos da Comarca Agudos - 3ª RAJ Bauru
3500758,Alambari,6512,Alambari,Município Alambari está jurisdicionado à Comarca Itapetininga - 10ª RAJ Sorocaba
3500808,Alfredo Marcondes,6513,Alfredo Marcondes,Município Alfredo Marcondes está jurisdicionado à Comarca Presidente Prudente - 5ª RAJ Presidente Prudente
3500907,Altair,6514,Altair,Município Altair está jurisdicionado à Comarca Olímpia - 8ª RAJ São José do Rio Preto
3501004,Altinópolis,6515,Altinópolis,Município Altinópolis da Comarca Altinópolis - 6ª RAJ Ribeirão Preto
3501103,Alto Alegre,6516,Alto Alegre,Município Alto Alegre está jurisdicionado à Comarca Penápolis - 2ª RAJ Araçatuba
3501152,Alumínio,6517,Alumínio,Município Alumínio está jurisdicionado à Comarca Mairinque - 10ª RAJ Sorocaba
3501202,Álvares Florence,6518,Álvares Florence,Município Álvares Florence está jurisdicionado à Comarca Votuporanga - 8ª RAJ São José do Rio Preto
3501301,Álvares Machado,6519,Álvares Machado,Município Álvares Machado está jurisdicionado à Comarca Presidente Prudente - 5ª RAJ Presidente Prudente
3501400,Álvaro de Carvalho,6520,Álvaro de Carvalho,Município Álvaro de Carvalho está jurisdicionado à Comarca Garça - 5ª RAJ Presidente Prudente
3501509,Alvinlândia,6521,Alvinlândia,Município Alvinlândia está jurisdicionado à Comarca Garça - 5ª RAJ Presidente Prudente
3501608,Americana,6522,Americana,Município Americana da Comarca Americana - 4ª RAJ Campinas
3501707,Américo Brasiliense,6523,Américo Brasiliense,Município Américo Brasiliense da Comarca Américo Brasiliense - 6ª RAJ Ribeirão Preto
3501806,Américo de Campos,6524,Américo de Campos,Município Américo de Campos está jurisdicionado à Comarca Tanabi - 8ª RAJ São José do Rio Preto
3501905,Amparo,6525,Amparo,Município Amparo da Comarca Amparo - 4ª RAJ Campinas
3502002,Analândia,6526,Analândia,Município Analândia está jurisdicionado à Comarca Itirapina - 4ª RAJ Campinas
3502101,Andradina,6527,Andradina,Município Andradina da Comarca Andradina - 2ª RAJ Araçatuba
3502200,Angatuba,6528,Angatuba,Município Angatuba da Comarca Angatuba - 10ª RAJ Sorocaba
3502309,Anhembi,6529,Anhembi,Município Anhembi está jurisdicionado à Comarca Conchas - 3ª RAJ Bauru
3502408,Anhumas,6530,Anhumas,Município Anhumas está jurisdicionado à Comarca Presidente Prudente - 5ª RAJ Presidente Prudente
3502507,Aparecida,6531,Aparecida,Município Aparecida da Comarca Aparecida - 9ª RAJ São José dos Campos
3502606,Aparecida d'Oeste,6532,Aparecida d'Oeste,Município Aparecida d'Oeste está jurisdicionado à Comarca Palmeira d'Oeste - 2ª RAJ Araçatuba
3502705,Apiaí,6533,Apiaí,Município Apiaí da Comarca Apiaí - 10ª RAJ Sorocaba
3502754,Araçariguama,6534,Araçariguama,Município Araçariguama está jurisdicionado à Comarca São Roque - 10ª RAJ Sorocaba
3502804,Araçatuba,6535,Araçatuba,Município Araçatuba da Comarca Araçatuba - 2ª RAJ Araçatuba
3502903,Araçoiaba da Serra,6536,Araçoiaba da Serra,Município Araçoiaba da Serra está jurisdicionado à Comarca Sorocaba - 10ª RAJ Sorocaba
3503000,Aramina,6537,Aramina,Município Aramina está jurisdicionado à Comarca Igarapava - 6ª RAJ Ribeirão Preto
3503109,Arandu,6538,Arandu,Município Arandu está jurisdicionado à Comarca Avaré - 3ª RAJ Bauru
3503158,Arapeí,6539,Arapeí,Município Arapeí está jurisdicionado à Comarca Bananal - 9ª RAJ São José dos Campos
3503208,Araraquara,6540,Araraquara,Município Araraquara da Comarca Araraquara - 6ª RAJ Ribeirão Preto
3503307,Araras,6541,Araras,Município Araras da Comarca Araras - 4ª RAJ Campinas
3503356,Arco-Íris,6542,Arco-Íris,Município Arco-Íris está jurisdicionado à Comarca Tupã - 5ª RAJ Presidente Prudente
3503406,Arealva,6543,Arealva,Município Arealva está jurisdicionado à Comarca Bauru - 3ª RAJ Bauru
3503505,Areias,6544,Areias,Município Areias está jurisdicionado à Comarca Queluz - 9ª RAJ São José dos Campos
3503604,Areiópolis,6545,Areiópolis,Município Areiópolis está jurisdicionado à Comarca São Manuel - 3ª RAJ Bauru
3503703,Ariranha,6546,Ariranha,Município Ariranha está jurisdicionado à Comarca Santa Adélia - 8ª RAJ São José do Rio Preto
3503802,Artur Nogueira,6547,Artur Nogueira,Município Artur Nogueira da Comarca Artur Nogueira - 4ª RAJ Campinas
3503901,Arujá,6548,Arujá,Município Arujá da Comarca Arujá - 1ª RAJ Grande São Paulo
3503950,Aspásia,6549,Aspásia,Município Aspásia está jurisdicionado à Comarca Urânia - 0ª RAJ Sem Região
3504008,Assis,6550,Assis,Município Assis da Comarca Assis - 5ª RAJ Presidente Prudente
3504107,Atibaia,6551,Atibaia,Município Atibaia da Comarca Atibaia - 4ª RAJ Campinas
3504206,Auriflama,6552,Auriflama,Município Auriflama da Comarca Auriflama - 2ª RAJ Araçatuba
3504305,Avaí,6553,Avaí,Município Avaí está jurisdicionado à Comarca Bauru - 3ª RAJ Bauru
3504404,Avanhandava,6554,Avanhandava,Município Avanhandava está jurisdicionado à Comarca Penápolis - 2ª RAJ Araçatuba
3504503,Avaré,6555,Avaré,Município Avaré da Comarca Avaré - 3ª RAJ Bauru
3504602,Bady Bassitt,6556,Bady Bassitt,Município Bady Bassitt está jurisdicionado à Comarca São José do Rio Preto - 8ª RAJ São José do Rio Preto
3504701,Balbinos,6557,Balbinos,Município Balbinos está jurisdicionado à Comarca Pirajuí - 3ª RAJ Bauru
3504800,Bálsamo,6558,Bálsamo,Município Bálsamo está jurisdicionado à Comarca Mirassol - 8ª RAJ São José do Rio Preto
3504909,Bananal,6559,Bananal,Município Bananal da Comarca Bananal - 9ª RAJ São José dos Campos
3505005,Barão de Antonina,6560,Barão de Antonina,Município Barão de Antonina está jurisdicionado à Comarca Itaporanga - 10ª RAJ Sorocaba
3505104,Barbosa,6561,Barbosa,Município Barbosa está jurisdicionado à Comarca Penápolis - 2ª RAJ Araçatuba
3505203,Bariri,6562,Bariri,Município Bariri da Comarca Bariri - 3ª RAJ Bauru
3505302,Barra Bonita,6563,Barra Bonita,Município Barra Bonita da Comarca Barra Bonita - 3ª RAJ Bauru
3505351,Barra do Chapéu,6564,Barra do Chapéu,Município Barra do Chapéu está jurisdicionado à Comarca Apiaí - 10ª RAJ Sorocaba
3505401,Barra do Turvo,6565,Barra do Turvo,Município Barra do Turvo está jurisdicionado à Comarca Jacupiranga - 7ª RAJ Santos
3505500,Barretos,6566,Barretos,Município Barretos da Comarca Barretos - 8ª RAJ São José do Rio Preto
3505609,Barrinha,6567,Barrinha,Município Barrinha está jurisdicionado à Comarca Sertãozinho - 6ª RAJ Ribeirão Preto
3505708,Barueri,6568,Barueri,Município Barueri da Comarca Barueri - 1ª RAJ Grande São Paulo
3505807,Bastos,6569,Bastos,Município Bastos da Comarca Bastos - 5ª RAJ Presidente Prudente
3505906,Batatais,6570,Batatais,Município Batatais da Comarca Batatais - 6ª RAJ Ribeirão Preto
3506003,Bauru,6571,Bauru,Município Bauru da Comarca Bauru - 3ª RAJ Bauru
3506102,Bebedouro,6572,Bebedouro,Município Bebedouro da Comarca Bebedouro - 8ª RAJ São José do Rio Preto
3506201,Bento de Abreu,6573,Bento de Abreu,Município Bento de Abreu está jurisdicionado à Comarca Valparaíso - 2ª RAJ Araçatuba
3506300,Bernardino de Campos,6574,Bernardino de Campos,Município Bernardino de Campos está jurisdicionado à Comarca Ipaussu - 0ª RAJ Sem Região
3506359,Bertioga,6575,Bertioga,Município Bertioga da Comarca Bertioga - 7ª RAJ Santos
3506409,Bilac,6576,Bilac,Município Bilac da Comarca Bilac - 2ª RAJ Araçatuba
3506508,Birigui,6577,Birigui,Município Birigui da Comarca Birigui - 2ª RAJ Araçatuba
3506607,Biritiba-Mirim,6578,Biritiba-Mirim,Município Biritiba-Mirim está jurisdicionado à Comarca Mogi das Cruzes - 1ª RAJ Grande São Paulo
3506706,Boa Esperança do Sul,6579,Boa Esperança do Sul,Município Boa Esperança do Sul está jurisdicionado à Comarca Ribeirão Bonito - 6ª RAJ Ribeirão Preto
3506805,Bocaina,6580,Bocaina,Município Bocaina está jurisdicionado à Comarca Jaú - 3ª RAJ Bauru
3506904,Bofete,6581,Bofete,Município Bofete está jurisdicionado à Comarca Porangaba - 10ª RAJ Sorocaba
3507001,Boituva,6582,Boituva,Município Boituva da Comarca Boituva - 10ª RAJ Sorocaba
3507100,Bom Jesus dos Perdões,6583,Bom Jesus dos Perdões,Município Bom Jesus dos Perdões está jurisdicionado à Comarca Nazaré Paulista - 4ª RAJ Campinas
3507159,Bom Sucesso de Itararé,6584,Bom Sucesso de Itararé,Município Bom Sucesso de Itararé está jurisdicionado à Comarca Itararé - 10ª RAJ Sorocaba
3507209,Borá,6585,Borá,Município Borá está jurisdicionado à Comarca Paraguaçu Paulista - 5ª RAJ Presidente Prudente
3507308,Boracéia,6586,Boracéia,Município Boracéia está jurisdicionado à Comarca Pederneiras - 3ª RAJ Bauru
3507407,Borborema,6587,Borborema,Município Borborema da Comarca Borborema - 6ª RAJ Ribeirão Preto
3507456,Borebi,6588,Borebi,Município Borebi está jurisdicionado à Comarca Lençóis Paulista - 3ª RAJ Bauru
3507506,Botucatu,6589,Botucatu,Município Botucatu da Comarca Botucatu - 3ª RAJ Bauru
3507605,Bragança Paulista,6590,Bragança Paulista,Município Bragança Paulista da Comarca Bragança Paulista - 4ª RAJ Campinas
3507704,Braúna,6591,Braúna,Município Braúna está jurisdicionado à Comarca Penápolis - 2ª RAJ Araçatuba
3507753,Brejo Alegre,6592,Brejo Alegre,Município Brejo Alegre está jurisdicionado à Comarca Birigui - 2ª RAJ Araçatuba
3507803,Brodowski,6593,Brodowski,Município Brodowski da Comarca Brodowski - 6ª RAJ Ribeirão Preto
3507902,Brotas,6594,Brotas,Município Brotas da Comarca Brotas - 4ª RAJ Campinas
3508009,Buri,6595,Buri,Município Buri da Comarca Buri - 10ª RAJ Sorocaba
3508108,Buritama,6596,Buritama,Município Buritama da Comarca Buritama - 2ª RAJ Araçatuba
3508207,Buritizal,6597,Buritizal,Município Buritizal está jurisdicionado à Comarca Igarapava - 6ª RAJ Ribeirão Preto
3508306,Cabrália Paulista,6598,Cabrália Paulista,Município Cabrália Paulista está jurisdicionado à Comarca Duartina - 3ª RAJ Bauru
3508405,Cabreúva,6599,Cabreúva,Município Cabreúva da Comarca Cabreúva - 10ª RAJ Sorocaba
3508504,Caçapava,6600,Caçapava,Município Caçapava da Comarca Caçapava - 9ª RAJ São José dos Campos
3508603,Cachoeira Paulista,6601,Cachoeira Paulista,Município Cachoeira Paulista da Comarca Cachoeira Paulista - 9ª RAJ São José dos Campos
3508702,Caconde,6602,Caconde,Município Caconde da Comarca Caconde - 6ª RAJ Ribeirão Preto
3508801,Cafelândia,6603,Cafelândia,Município Cafelândia da Comarca Cafelândia - 2ª RAJ Araçatuba
3508900,Caiabu,6604,Caiabu,Município Caiabu está jurisdicionado à Comarca Regente Feijó - 5ª RAJ Presidente Prudente
3509007,Caieiras,6605,Caieiras,Município Caieiras da Comarca Caieiras - 4ª RAJ Campinas
3509106,Caiuá,6606,Caiuá,Município Caiuá está jurisdicionado à Comarca Presidente Epitácio - 5ª RAJ Presidente Prudente
3509205,Cajamar,6607,Cajamar,Município Cajamar da Comarca Cajamar - 4ª RAJ Campinas
3509254,Cajati,6608,Cajati,Município Cajati está jurisdicionado à Comarca Jacupiranga - 7ª RAJ Santos
3509304,Cajobi,6609,Cajobi,Município Cajobi está jurisdicionado à Comarca Olímpia - 8ª RAJ São José do Rio Preto
3509403,Cajuru,6610,Cajuru,Município Cajuru da Comarca Cajuru - 6ª RAJ Ribeirão Preto
3509452,Campina do Monte Alegre,6611,Campina do Monte Alegre,Município Campina do Monte Alegre está jurisdicionado à Comarca Angatuba - 10ª RAJ Sorocaba
3509502,Campinas,6612,Campinas,Município Campinas da Comarca Campinas - 4ª RAJ Campinas
3509601,Campo Limpo Paulista,6613,Campo Limpo Paulista,Município Campo Limpo Paulista da Comarca Campo Limpo Paulista - 4ª RAJ Campinas
3509700,Campos do Jordão,6614,Campos do Jordão,Município Campos do Jordão da Comarca Campos do Jordão - 9ª RAJ São José dos Campos
3509809,Campos Novos Paulista,6615,Campos Novos Paulista,Município Campos Novos Paulista está jurisdicionado à Comarca Palmital - 5ª RAJ Presidente Prudente
3509908,Cananéia,6616,Cananéia,Município Cananéia da Comarca Cananéia - 7ª RAJ Santos
3509957,Canas,6617,Canas,Município Canas está jurisdicionado à Comarca Lorena - 9ª RAJ São José dos Campos
3510005,Cândido Mota,6618,Cândido Mota,Município Cândido Mota da Comarca Cândido Mota - 5ª RAJ Presidente Prudente
3510104,Cândido Rodrigues,6619,Cândido Rodrigues,Município Cândido Rodrigues está jurisdicionado à Comarca Taquaritinga - 6ª RAJ Ribeirão Preto
3510153,Canitar,6620,Canitar,Município Canitar está jurisdicionado à Comarca Chavantes - 3ª RAJ Bauru
3510203,Capão Bonito,6621,Capão Bonito,Município Capão Bonito da Comarca Capão Bonito - 10ª RAJ Sorocaba
3510302,Capela do Alto,6622,Capela do Alto,Município Capela do Alto está jurisdicionado à Comarca Tatuí - 10ª RAJ Sorocaba
3510401,Capivari,6623,Capivari,Município Capivari da Comarca Capivari - 4ª RAJ Campinas
3510500,Caraguatatuba,6624,Caraguatatuba,Município Caraguatatuba da Comarca Caraguatatuba - 9ª RAJ São José dos Campos
3510609,Carapicuíba,6625,Carapicuíba,Município Carapicuíba da Comarca Carapicuíba - 1ª RAJ Grande São Paulo
3510708,Cardoso,6626,Cardoso,Município Cardoso da Comarca Cardoso - 8ª RAJ São José do Rio Preto
3510807,Casa Branca,6627,Casa Branca,Município Casa Branca da Comarca Casa Branca - 6ª RAJ Ribeirão Preto
3510906,Cássia dos Coqueiros,6628,Cássia dos Coqueiros,Município Cássia dos Coqueiros está jurisdicionado à Comarca Cajuru - 6ª RAJ Ribeirão Preto
3511003,Castilho,6629,Castilho,Município Castilho está jurisdicionado à Comarca Andradina - 2ª RAJ Araçatuba
3511102,Catanduva,6630,Catanduva,Município Catanduva da Comarca Catanduva - 8ª RAJ São José do Rio Preto
3511201,Catiguá,6631,Catiguá,Município Catiguá está jurisdicionado à Comarca Tabapuã - 8ª RAJ São José do Rio Preto
3511300,Cedral,6632,Cedral,Município Cedral está jurisdicionado à Comarca São José do Rio Preto - 8ª RAJ São José do Rio Preto
3511409,Cerqueira César,6633,Cerqueira César,Município Cerqueira César da Comarca Cerqueira César - 3ª RAJ Bauru
3511508,Cerquilho,6634,Cerquilho,Município Cerquilho da Comarca Cerquilho - 4ª RAJ Campinas
3511607,Cesário Lange,6635,Cesário Lange,Município Cesário Lange da Comarca Cesário Lange - 10ª RAJ Sorocaba
3511706,Charqueada,6636,Charqueada,Município Charqueada está jurisdicionado à Comarca Piracicaba - 4ª RAJ Campinas
3557204,Chavantes,7147,Chavantes,Município Chavantes da Comarca Chavantes - 3ª RAJ Bauru
3511904,Clementina,6637,Clementina,Município Clementina está jurisdicionado à Comarca Birigui - 2ª RAJ Araçatuba
3512001,Colina,6638,Colina,Município Colina da Comarca Colina - 8ª RAJ São José do Rio Preto
3512100,Colômbia,6639,Colômbia,Município Colômbia está jurisdicionado à Comarca Barretos - 8ª RAJ São José do Rio Preto
3512209,Conchal,6640,Conchal,Município Conchal da Comarca Conchal - 4ª RAJ Campinas
3512308,Conchas,6641,Conchas,Município Conchas da Comarca Conchas - 3ª RAJ Bauru
3512407,Cordeirópolis,6642,Cordeirópolis,Município Cordeirópolis da Comarca Cordeirópolis - 4ª RAJ Campinas
3512506,Coroados,6643,Coroados,Município Coroados está jurisdicionado à Comarca Birigui - 2ª RAJ Araçatuba
3512605,Coronel Macedo,6644,Coronel Macedo,Município Coronel Macedo está jurisdicionado à Comarca Taquarituba - 3ª RAJ Bauru
3512704,Corumbataí,6645,Corumbataí,Município Corumbataí está jurisdicionado à Comarca Rio Claro - 4ª RAJ Campinas
3512803,Cosmópolis,6646,Cosmópolis,Município Cosmópolis da Comarca Cosmópolis - 4ª RAJ Campinas
3512902,Cosmorama,6647,Cosmorama,Município Cosmorama está jurisdicionado à Comarca Tanabi - 8ª RAJ São José do Rio Preto
3513009,Cotia,6648,Cotia,Município Cotia da Comarca Cotia - 1ª RAJ Grande São Paulo
3513108,Cravinhos,6649,Cravinhos,Município Cravinhos da Comarca Cravinhos - 6ª RAJ Ribeirão Preto
3513207,Cristais Paulista,6650,Cristais Paulista,Município Cristais Paulista está jurisdicionado à Comarca Franca - 6ª RAJ Ribeirão Preto
3513306,Cruzália,6651,Cruzália,Município Cruzália está jurisdicionado à Comarca Maracaí - 5ª RAJ Presidente Prudente
3513405,Cruzeiro,6652,Cruzeiro,Município Cruzeiro da Comarca Cruzeiro - 9ª RAJ São José dos Campos
3513504,Cubatão,6653,Cubatão,Município Cubatão da Comarca Cubatão - 7ª RAJ Santos
3513603,Cunha,6654,Cunha,Município Cunha da Comarca Cunha - 9ª RAJ São José dos Campos
3513702,Descalvado,6655,Descalvado,Município Descalvado da Comarca Descalvado - 6ª RAJ Ribeirão Preto
3513801,Diadema,6656,Diadema,Município Diadema da Comarca Diadema - 1ª RAJ Grande São Paulo
3513850,Dirce Reis,6657,Dirce Reis,Município Dirce Reis está jurisdicionado à Comarca Jales - 2ª RAJ Araçatuba
3513900,Divinolândia,6658,Divinolândia,Município Divinolândia está jurisdicionado à Comarca São Sebastião da Grama - 6ª RAJ Ribeirão Preto
3514007,Dobrada,6659,Dobrada,Município Dobrada está jurisdicionado à Comarca Matão - 6ª RAJ Ribeirão Preto
3514106,Dois Córregos,6660,Dois Córregos,Município Dois Córregos da Comarca Dois Córregos - 3ª RAJ Bauru
3514205,Dolcinópolis,6661,Dolcinópolis,Município Dolcinópolis está jurisdicionado à Comarca Estrela dOeste - 8ª RAJ São José do Rio Preto
3514304,Dourado,6662,Dourado,Município Dourado está jurisdicionado à Comarca Ribeirão Bonito - 6ª RAJ Ribeirão Preto
3514403,Dracena,6663,Dracena,Município Dracena da Comarca Dracena - 5ª RAJ Presidente Prudente
3514502,Duartina,6664,Duartina,Município Duartina da Comarca Duartina - 3ª RAJ Bauru
3514601,Dumont,6665,Dumont,Município Dumont está jurisdicionado à Comarca Sertãozinho - 6ª RAJ Ribeirão Preto
3514700,Echaporã,6666,Echaporã,Município Echaporã está jurisdicionado à Comarca Assis - 5ª RAJ Presidente Prudente
3514809,Eldorado,6667,Eldorado,Município Eldorado da Comarca Eldorado - 7ª RAJ Santos
3514908,Elias Fausto,6668,Elias Fausto,Município Elias Fausto está jurisdicionado à Comarca Monte Mor - 4ª RAJ Campinas
3514924,Elisiário,6669,Elisiário,Município Elisiário está jurisdicionado à Comarca Catanduva - 8ª RAJ São José do Rio Preto
3514957,Embaúba,6670,Embaúba,Município Embaúba está jurisdicionado à Comarca Olímpia - 8ª RAJ São José do Rio Preto
3515004,Embu das Artes,6671,Embu das Artes,Município Embu das Artes da Comarca Embu das Artes - 1ª RAJ Grande São Paulo
3515103,Embu-Guaçu,6672,Embu-Guaçu,Município Embu-Guaçu da Comarca Embu-Guaçu - 1ª RAJ Grande São Paulo
3515129,Emilianópolis,6673,Emilianópolis,Município Emilianópolis está jurisdicionado à Comarca Presidente Bernardes - 5ª RAJ Presidente Prudente
3515152,Engenheiro Coelho,6674,Engenheiro Coelho,Município Engenheiro Coelho está jurisdicionado à Comarca Artur Nogueira - 4ª RAJ Campinas
3515186,Espírito Santo do Pinhal,6675,Espírito Santo do Pinhal,Município Espírito Santo do Pinhal da Comarca Espírito Santo do Pinhal - 4ª RAJ Campinas
3515194,Espírito Santo do Turvo,6676,Espírito Santo do Turvo,Município Espírito Santo do Turvo está jurisdicionado à Comarca Santa Cruz do Rio Pardo - 3ª RAJ Bauru
3557303,Estiva Gerbi,7148,Estiva Gerbi,Município Estiva Gerbi está jurisdicionado à Comarca Mogi Guaçu - 4ª RAJ Campinas
3515301,Estrela do Norte,6678,Estrela do Norte,Município Estrela do Norte está jurisdicionado à Comarca Pirapozinho - 5ª RAJ Presidente Prudente
3515202,Estrela d'Oeste,6677,Estrela dOeste,Município Estrela dOeste da Comarca Estrela dOeste - 8ª RAJ São José do Rio Preto
3515350,Euclides da Cunha Paulista,6679,Euclides da Cunha Paulista,Município Euclides da Cunha Paulista está jurisdicionado à Comarca Teodoro Sampaio - 5ª RAJ Presidente Prudente
3515400,Fartura,6680,Fartura,Município Fartura da Comarca Fartura - 3ª RAJ Bauru
3515608,Fernando Prestes,6682,Fernando Prestes,Município Fernando Prestes está jurisdicionado à Comarca Taquaritinga - 6ª RAJ Ribeirão Preto
3515509,Fernandópolis,6681,Fernandópolis,Município Fernandópolis da Comarca Fernandópolis - 8ª RAJ São José do Rio Preto
3515657,Fernão,6683,Fernão,Município Fernão está jurisdicionado à Comarca Gália - 5ª RAJ Presidente Prudente
3515707,Ferraz de Vasconcelos,6684,Ferraz de Vasconcelos,Município Ferraz de Vasconcelos da Comarca Ferraz de Vasconcelos - 1ª RAJ Grande São Paulo
3515806,Flora Rica,6685,Flora Rica,Município Flora Rica está jurisdicionado à Comarca Pacaembu - 5ª RAJ Presidente Prudente
3515905,Floreal,6686,Floreal,Município Floreal está jurisdicionado à Comarca Nhandeara - 8ª RAJ São José do Rio Preto
3516002,Flórida Paulista,6687,Flórida Paulista,Município Flórida Paulista da Comarca Flórida Paulista - 5ª RAJ Presidente Prudente
3516101,Florínea,6688,Florínia,Município Florínia está jurisdicionado à Comarca Assis - 5ª RAJ Presidente Prudente
3516200,Franca,6689,Franca,Município Franca da Comarca Franca - 6ª RAJ Ribeirão Preto
3516309,Francisco Morato,6690,Francisco Morato,Município Francisco Morato da Comarca Francisco Morato - 4ª RAJ Campinas
3516408,Franco da Rocha,6691,Franco da Rocha,Município Franco da Rocha da Comarca Franco da Rocha - 4ª RAJ Campinas
3516507,Gabriel Monteiro,6692,Gabriel Monteiro,Município Gabriel Monteiro está jurisdicionado à Comarca Bilac - 2ª RAJ Araçatuba
3516606,Gália,6693,Gália,Município Gália da Comarca Gália - 5ª RAJ Presidente Prudente
3516705,Garça,6694,Garça,Município Garça da Comarca Garça - 5ª RAJ Presidente Prudente
3516804,Gastão Vidigal,6695,Gastão Vidigal,Município Gastão Vidigal está jurisdicionado à Comarca Nhandeara - 8ª RAJ São José do Rio Preto
3516853,Gavião Peixoto,6696,Gavião Peixoto,Município Gavião Peixoto está jurisdicionado à Comarca Araraquara - 6ª RAJ Ribeirão Preto
3516903,General Salgado,6697,General Salgado,Município General Salgado da Comarca General Salgado - 8ª RAJ São José do Rio Preto
3517000,Getulina,6698,Getulina,Município Getulina da Comarca Getulina - 2ª RAJ Araçatuba
3517109,Glicério,6699,Glicério,Município Glicério está jurisdicionado à Comarca Penápolis - 2ª RAJ Araçatuba
3517208,Guaiçara,6700,Guaiçara,Município Guaiçara está jurisdicionado à Comarca Lins - 2ª RAJ Araçatuba
3517307,Guaimbê,6701,Guaimbê,Município Guaimbê está jurisdicionado à Comarca Getulina - 2ª RAJ Araçatuba
3517406,Guaíra,6702,Guaíra,Município Guaíra da Comarca Guaíra - 8ª RAJ São José do Rio Preto
3517505,Guapiaçu,6703,Guapiaçu,Município Guapiaçu está jurisdicionado à Comarca São José do Rio Preto - 8ª RAJ São José do Rio Preto
3517604,Guapiara,6704,Guapiara,Município Guapiara está jurisdicionado à Comarca Capão Bonito - 10ª RAJ Sorocaba
3517703,Guará,6705,Guará,Município Guará da Comarca Guará - 6ª RAJ Ribeirão Preto
3517802,Guaraçaí,6706,Guaraçaí,Município Guaraçaí está jurisdicionado à Comarca Mirandópolis - 2ª RAJ Araçatuba
3517901,Guaraci,6707,Guaraci,Município Guaraci está jurisdicionado à Comarca Olímpia - 8ª RAJ São José do Rio Preto
3518008,Guarani d'Oeste,6708,Guarani d'Oeste,Município Guarani d'Oeste está jurisdicionado à Comarca Ouroeste - 8ª RAJ São José do Rio Preto
3518107,Guarantã,6709,Guarantã,Município Guarantã está jurisdicionado à Comarca Cafelândia - 2ª RAJ Araçatuba
3518206,Guararapes,6710,Guararapes,Município Guararapes da Comarca Guararapes - 2ª RAJ Araçatuba
3518305,Guararema,6711,Guararema,Município Guararema da Comarca Guararema - 1ª RAJ Grande São Paulo
3518404,Guaratinguetá,6712,Guaratinguetá,Município Guaratinguetá da Comarca Guaratinguetá - 9ª RAJ São José dos Campos
3518503,Guareí,6713,Guareí,Município Guareí está jurisdicionado à Comarca Porangaba - 10ª RAJ Sorocaba
3518602,Guariba,6714,Guariba,Município Guariba da Comarca Guariba - 6ª RAJ Ribeirão Preto
3518701,Guarujá,6715,Guarujá,Município Guarujá da Comarca Guarujá - 7ª RAJ Santos
3518800,Guarulhos,6716,Guarulhos,Município Guarulhos da Comarca Guarulhos - 1ª RAJ Grande São Paulo
3518859,Guatapará,6717,Guatapará,Município Guatapará está jurisdicionado à Comarca Ribeirão Preto - 6ª RAJ Ribeirão Preto
3518909,Guzolândia,6718,Guzolândia,Município Guzolândia está jurisdicionado à Comarca Auriflama - 2ª RAJ Araçatuba
3519006,Herculândia,6719,Herculândia,Município Herculândia está jurisdicionado à Comarca Tupã - 5ª RAJ Presidente Prudente
3519055,Holambra,6720,Holambra,Município Holambra está jurisdicionado à Comarca Artur Nogueira - 4ª RAJ Campinas
3519071,Hortolândia,6721,Hortolândia,Município Hortolândia da Comarca Hortolândia - 4ª RAJ Campinas
3519105,Iacanga,6722,Iacanga,Município Iacanga da Comarca Iacanga - 6ª RAJ Ribeirão Preto
3519204,Iacri,6723,Iacri,Município Iacri está jurisdicionado à Comarca Bastos - 5ª RAJ Presidente Prudente
3519253,Iaras,6724,Iaras,Município Iaras está jurisdicionado à Comarca Cerqueira César - 3ª RAJ Bauru
3519303,Ibaté,6725,Ibaté,Município Ibaté da Comarca Ibaté - 6ª RAJ Ribeirão Preto
3519402,Ibirá,6726,Ibirá,Município Ibirá está jurisdicionado à Comarca Catanduva - 8ª RAJ São José do Rio Preto
3519501,Ibirarema,6727,Ibirarema,Município Ibirarema está jurisdicionado à Comarca Palmital - 5ª RAJ Presidente Prudente
3519600,Ibitinga,6728,Ibitinga,Município Ibitinga da Comarca Ibitinga - 6ª RAJ Ribeirão Preto
3519709,Ibiúna,6729,Ibiúna,Município Ibiúna da Comarca Ibiúna - 10ª RAJ Sorocaba
3519808,Icém,6730,Icém,Município Icém está jurisdicionado à Comarca Nova Granada - 8ª RAJ São José do Rio Preto
3519907,Iepê,6731,Iepê,Município Iepê da Comarca Iepê - 5ª RAJ Presidente Prudente
3520004,Igaraçu do Tietê,6732,Igaraçu do Tietê,Município Igaraçu do Tietê está jurisdicionado à Comarca Barra Bonita - 3ª RAJ Bauru
3520103,Igarapava,6733,Igarapava,Município Igarapava da Comarca Igarapava - 6ª RAJ Ribeirão Preto
3520202,Igaratá,6734,Igaratá,Município Igaratá está jurisdicionado à Comarca Santa Isabel - 1ª RAJ Grande São Paulo
3520301,Iguape,6735,Iguape,Município Iguape da Comarca Iguape - 7ª RAJ Santos
3520426,Ilha Comprida,6737,Ilha Comprida,Município Ilha Comprida está jurisdicionado à Comarca Iguape - 7ª RAJ Santos
3520442,Ilha Solteira,6738,Ilha Solteira,Município Ilha Solteira da Comarca Ilha Solteira - 2ª RAJ Araçatuba
3520400,Ilhabela,6736,Ilhabela,Município Ilhabela da Comarca Ilhabela - 9ª RAJ São José dos Campos
3520509,Indaiatuba,6739,Indaiatuba,Município Indaiatuba da Comarca Indaiatuba - 10ª RAJ Sorocaba
3520608,Indiana,6740,Indiana,Município Indiana está jurisdicionado à Comarca Martinópolis - 5ª RAJ Presidente Prudente
3520707,Indiaporã,6741,Indiaporã,Município Indiaporã está jurisdicionado à Comarca Ouroeste - 8ª RAJ São José do Rio Preto
3520806,Inúbia Paulista,6742,Inúbia Paulista,Município Inúbia Paulista está jurisdicionado à Comarca Lucélia - 5ª RAJ Presidente Prudente
3520905,Ipaussu,6743,Ipaussu,Município Ipaussu da Comarca Ipaussu - 3ª RAJ Bauru
3521002,Iperó,6744,Iperó,Município Iperó está jurisdicionado à Comarca Boituva - 10ª RAJ Sorocaba
3521101,Ipeúna,6745,Ipeúna,Município Ipeúna está jurisdicionado à Comarca Rio Claro - 4ª RAJ Campinas
3521150,Ipiguá,6746,Ipiguá,Município Ipiguá está jurisdicionado à Comarca São José do Rio Preto - 8ª RAJ São José do Rio Preto
3521200,Iporanga,6747,Iporanga,Município Iporanga está jurisdicionado à Comarca Eldorado - 7ª RAJ Santos
3521309,Ipuã,6748,Ipuã,Município Ipuã da Comarca Ipuã - 6ª RAJ Ribeirão Preto
3521408,Iracemápolis,6749,Iracemápolis,Município Iracemápolis está jurisdicionado à Comarca Limeira - 4ª RAJ Campinas
3521507,Irapuã,6750,Irapuã,Município Irapuã está jurisdicionado à Comarca Urupês - 8ª RAJ São José do Rio Preto
3521606,Irapuru,6751,Irapuru,Município Irapuru está jurisdicionado à Comarca Pacaembu - 5ª RAJ Presidente Prudente
3521705,Itaberá,6752,Itaberá,Município Itaberá da Comarca Itaberá - 10ª RAJ Sorocaba
3521804,Itaí,6753,Itaí,Município Itaí da Comarca Itaí - 3ª RAJ Bauru
3521903,Itajobi,6754,Itajobi,Município Itajobi da Comarca Itajobi - 8ª RAJ São José do Rio Preto
3522000,Itaju,6755,Itaju,Município Itaju está jurisdicionado à Comarca Bariri - 3ª RAJ Bauru
3522109,Itanhaém,6756,Itanhaém,Município Itanhaém da Comarca Itanhaém - 7ª RAJ Santos
3522158,Itaóca,6757,Itaóca,Município Itaóca está jurisdicionado à Comarca Apiaí - 10ª RAJ Sorocaba
3522208,Itapecerica da Serra,6758,Itapecerica da Serra,Município Itapecerica da Serra da Comarca Itapecerica da Serra - 1ª RAJ Grande São Paulo
3522307,Itapetininga,6759,Itapetininga,Município Itapetininga da Comarca Itapetininga - 10ª RAJ Sorocaba
3522406,Itapeva,6760,Itapeva,Município Itapeva da Comarca Itapeva - 10ª RAJ Sorocaba
3522505,Itapevi,6761,Itapevi,Município Itapevi da Comarca Itapevi - 1ª RAJ Grande São Paulo
3522604,Itapira,6762,Itapira,Município Itapira da Comarca Itapira - 4ª RAJ Campinas
3522653,Itapirapuã Paulista,6763,Itapirapuã Paulista,Município Itapirapuã Paulista está jurisdicionado à Comarca Apiaí - 10ª RAJ Sorocaba
3522703,Itápolis,6764,Itápolis,Município Itápolis da Comarca Itápolis - 6ª RAJ Ribeirão Preto
3522802,Itaporanga,6765,Itaporanga,Município Itaporanga da Comarca Itaporanga - 10ª RAJ Sorocaba
3522901,Itapuí,6766,Itapuí,Município Itapuí está jurisdicionado à Comarca Jaú - 3ª RAJ Bauru
3523008,Itapura,6767,Itapura,Município Itapura está jurisdicionado à Comarca Ilha Solteira - 2ª RAJ Araçatuba
3523107,Itaquaquecetuba,6768,Itaquaquecetuba,Município Itaquaquecetuba da Comarca Itaquaquecetuba - 1ª RAJ Grande São Paulo
3523206,Itararé,6769,Itararé,Município Itararé da Comarca Itararé - 10ª RAJ Sorocaba
3523305,Itariri,6770,Itariri,Município Itariri da Comarca Itariri - 7ª RAJ Santos
3523404,Itatiba,6771,Itatiba,Município Itatiba da Comarca Itatiba - 4ª RAJ Campinas
3523503,Itatinga,6772,Itatinga,Município Itatinga da Comarca Itatinga - 3ª RAJ Bauru
3523602,Itirapina,6773,Itirapina,Município Itirapina da Comarca Itirapina - 4ª RAJ Campinas
3523701,Itirapuã,6774,Itirapuã,Município Itirapuã está jurisdicionado à Comarca Patrocínio Paulista - 6ª RAJ Ribeirão Preto
3523800,Itobi,6775,Itobi,Município Itobi está jurisdicionado à Comarca Casa Branca - 6ª RAJ Ribeirão Preto
3523909,Itu,6776,Itu,Município Itu da Comarca Itu - 10ª RAJ Sorocaba
3524006,Itupeva,6777,Itupeva,Município Itupeva da Comarca Itupeva - 4ª RAJ Campinas
3524105,Ituverava,6778,Ituverava,Município Ituverava da Comarca Ituverava - 6ª RAJ Ribeirão Preto
3524204,Jaborandi,6779,Jaborandi,Município Jaborandi está jurisdicionado à Comarca Colina - 8ª RAJ São José do Rio Preto
3524303,Jaboticabal,6780,Jaboticabal,Município Jaboticabal da Comarca Jaboticabal - 6ª RAJ Ribeirão Preto
3524402,Jacareí,6781,Jacareí,Município Jacareí da Comarca Jacareí - 9ª RAJ São José dos Campos
3524501,Jaci,6782,Jaci,Município Jaci está jurisdicionado à Comarca Mirassol - 8ª RAJ São José do Rio Preto
3524600,Jacupiranga,6783,Jacupiranga,Município Jacupiranga da Comarca Jacupiranga - 7ª RAJ Santos
3524709,Jaguariúna,6784,Jaguariúna,Município Jaguariúna da Comarca Jaguariúna - 4ª RAJ Campinas
3524808,Jales,6785,Jales,Município Jales da Comarca Jales - 2ª RAJ Araçatuba
3524907,Jambeiro,6786,Jambeiro,Município Jambeiro está jurisdicionado à Comarca Caçapava - 9ª RAJ São José dos Campos
3525003,Jandira,6787,Jandira,Município Jandira da Comarca Jandira - 1ª RAJ Grande São Paulo
3525102,Jardinópolis,6788,Jardinópolis,Município Jardinópolis da Comarca Jardinópolis - 6ª RAJ Ribeirão Preto
3525201,Jarinu,6789,Jarinu,Município Jarinu da Comarca Jarinu - 4ª RAJ Campinas
3525300,Jaú,6790,Jaú,Município Jaú da Comarca Jaú - 3ª RAJ Bauru
3525409,Jeriquara,6791,Jeriquara,Município Jeriquara está jurisdicionado à Comarca Pedregulho - 6ª RAJ Ribeirão Preto
3525508,Joanópolis,6792,Joanópolis,Município Joanópolis está jurisdicionado à Comarca Piracaia - 4ª RAJ Campinas
3525607,João Ramalho,6793,João Ramalho,Município João Ramalho está jurisdicionado à Comarca Quatá - 5ª RAJ Presidente Prudente
3525706,José Bonifácio,6794,José Bonifácio,Município José Bonifácio da Comarca José Bonifácio - 8ª RAJ São José do Rio Preto
3525805,Júlio Mesquita,6795,Júlio Mesquita,Município Júlio Mesquita está jurisdicionado à Comarca Cafelândia - 2ª RAJ Araçatuba
3525854,Jumirim,6796,Jumirim,Município Jumirim está jurisdicionado à Comarca Tietê - 4ª RAJ Campinas
3525904,Jundiaí,6797,Jundiaí,Município Jundiaí da Comarca Jundiaí - 4ª RAJ Campinas
3526001,Junqueirópolis,6798,Junqueirópolis,Município Junqueirópolis da Comarca Junqueirópolis - 5ª RAJ Presidente Prudente
3526100,Juquiá,6799,Juquiá,Município Juquiá da Comarca Juquiá - 7ª RAJ Santos
3526209,Juquitiba,6800,Juquitiba,Município Juquitiba está jurisdicionado à Comarca Itapecerica da Serra - 1ª RAJ Grande São Paulo
3526308,Lagoinha,6801,Lagoinha,Município Lagoinha está jurisdicionado à Comarca São Luiz do Paraitinga - 9ª RAJ São José dos Campos
3526407,Laranjal Paulista,6802,Laranjal Paulista,Município Laranjal Paulista da Comarca Laranjal Paulista - 4ª RAJ Campinas
3526506,Lavínia,6803,Lavínia,Município Lavínia está jurisdicionado à Comarca Mirandópolis - 2ª RAJ Araçatuba
3526605,Lavrinhas,6804,Lavrinhas,Município Lavrinhas está jurisdicionado à Comarca Cruzeiro - 9ª RAJ São José dos Campos
3526704,Leme,6805,Leme,Município Leme da Comarca Leme - 4ª RAJ Campinas
3526803,Lençóis Paulista,6806,Lençóis Paulista,Município Lençóis Paulista da Comarca Lençóis Paulista - 3ª RAJ Bauru
3526902,Limeira,6807,Limeira,Município Limeira da Comarca Limeira - 4ª RAJ Campinas
3527009,Lindóia,6808,Lindóia,Município Lindóia está jurisdicionado à Comarca Águas de Lindóia - 4ª RAJ Campinas
3527108,Lins,6809,Lins,Município Lins da Comarca Lins - 2ª RAJ Araçatuba
3527207,Lorena,6810,Lorena,Município Lorena da Comarca Lorena - 9ª RAJ São José dos Campos
3527256,Lourdes,6811,Lourdes,Município Lourdes está jurisdicionado à Comarca Buritama - 0ª RAJ Sem Região
3527306,Louveira,6812,Louveira,Município Louveira da Comarca Louveira - 4ª RAJ Campinas
3527405,Lucélia,6813,Lucélia,Município Lucélia da Comarca Lucélia - 5ª RAJ Presidente Prudente
3527504,Lucianópolis,6814,Lucianópolis,Município Lucianópolis está jurisdicionado à Comarca Duartina - 3ª RAJ Bauru
3527603,Luiz Antônio,6815,Luís Antônio,Município Luís Antônio está jurisdicionado à Comarca São Simão - 6ª RAJ Ribeirão Preto
3527702,Luiziânia,6816,Luiziânia,Município Luiziânia está jurisdicionado à Comarca Penápolis - 0ª RAJ Sem Região
3527801,Lupércio,6817,Lupércio,Município Lupércio está jurisdicionado à Comarca Garça - 5ª RAJ Presidente Prudente
3527900,Lutécia,6818,Lutécia,Município Lutécia está jurisdicionado à Comarca Paraguaçu Paulista - 5ª RAJ Presidente Prudente
3528007,Macatuba,6819,Macatuba,Município Macatuba da Comarca Macatuba - 3ª RAJ Bauru
3528106,Macaubal,6820,Macaubal,Município Macaubal da Comarca Macaubal - 8ª RAJ São José do Rio Preto
3528205,Macedônia,6821,Macedônia,Município Macedônia está jurisdicionado à Comarca Fernandópolis - 8ª RAJ São José do Rio Preto
3528304,Magda,6822,Magda,Município Magda está jurisdicionado à Comarca Nhandeara - 8ª RAJ São José do Rio Preto
3528403,Mairinque,6823,Mairinque,Município Mairinque da Comarca Mairinque - 10ª RAJ Sorocaba
3528502,Mairiporã,6824,Mairiporã,Município Mairiporã da Comarca Mairiporã - 1ª RAJ Grande São Paulo
3528601,Manduri,6825,Manduri,Município Manduri está jurisdicionado à Comarca Piraju - 3ª RAJ Bauru
3528700,Marabá Paulista,6826,Marabá Paulista,Município Marabá Paulista está jurisdicionado à Comarca Presidente Venceslau - 5ª RAJ Presidente Prudente
3528809,Maracaí,6827,Maracaí,Município Maracaí da Comarca Maracaí - 5ª RAJ Presidente Prudente
3528858,Marapoama,6828,Marapoama,Município Marapoama está jurisdicionado à Comarca Itajobi - 8ª RAJ São José do Rio Preto
3528908,Mariápolis,6829,Mariápolis,Município Mariápolis está jurisdicionado à Comarca Adamantina - 5ª RAJ Presidente Prudente
3529005,Marília,6830,Marília,Município Marília da Comarca Marília - 5ª RAJ Presidente Prudente
3529104,Marinópolis,6831,Marinópolis,Município Marinópolis está jurisdicionado à Comarca Palmeira d'Oeste - 2ª RAJ Araçatuba
3529203,Martinópolis,6832,Martinópolis,Município Martinópolis da Comarca Martinópolis - 5ª RAJ Presidente Prudente
3529302,Matão,6833,Matão,Município Matão da Comarca Matão - 6ª RAJ Ribeirão Preto
3529401,Mauá,6834,Mauá,Município Mauá da Comarca Mauá - 1ª RAJ Grande São Paulo
3529500,Mendonça,6835,Mendonça,Município Mendonça está jurisdicionado à Comarca José Bonifácio - 8ª RAJ São José do Rio Preto
3529609,Meridiano,6836,Meridiano,Município Meridiano está jurisdicionado à Comarca Fernandópolis - 8ª RAJ São José do Rio Preto
3529658,Mesópolis,6837,Mesópolis,Município Mesópolis está jurisdicionado à Comarca Jales - 2ª RAJ Araçatuba
3529708,Miguelópolis,6838,Miguelópolis,Município Miguelópolis da Comarca Miguelópolis - 6ª RAJ Ribeirão Preto
3529807,Mineiros do Tietê,6839,Mineiros do Tietê,Município Mineiros do Tietê está jurisdicionado à Comarca Jaú - 3ª RAJ Bauru
3530003,Mira Estrela,6841,Mira Estrela,Município Mira Estrela está jurisdicionado à Comarca Cardoso - 8ª RAJ São José do Rio Preto
3529906,Miracatu,6840,Miracatu,Município Miracatu da Comarca Miracatu - 7ª RAJ Santos
3530102,Mirandópolis,6842,Mirandópolis,Município Mirandópolis da Comarca Mirandópolis - 2ª RAJ Araçatuba
3530201,Mirante do Paranapanema,6843,Mirante do Paranapanema,Município Mirante do Paranapanema da Comarca Mirante do Paranapanema - 5ª RAJ Presidente Prudente
3530300,Mirassol,6844,Mirassol,Município Mirassol da Comarca Mirassol - 8ª RAJ São José do Rio Preto
3530409,Mirassolândia,6845,Mirassolândia,Município Mirassolândia está jurisdicionado à Comarca Mirassol - 8ª RAJ São José do Rio Preto
3530508,Mococa,6846,Mococa,Município Mococa da Comarca Mococa - 6ª RAJ Ribeirão Preto
3530706,Mogi Guaçu,6848,Mogi Guaçu,Município Mogi Guaçu da Comarca Mogi Guaçu - 4ª RAJ Campinas
3530607,Mogi das Cruzes,6847,Mogi das Cruzes,Município Mogi das Cruzes da Comarca Mogi das Cruzes - 1ª RAJ Grande São Paulo
3530805,Mogi Mirim,6849,Mogi Mirim,Município Mogi Mirim da Comarca Mogi Mirim - 4ª RAJ Campinas
3530904,Mombuca,6850,Mombuca,Município Mombuca está jurisdicionado à Comarca Capivari - 4ª RAJ Campinas
3531001,Monções,6851,Monções,Município Monções está jurisdicionado à Comarca Nhandeara - 8ª RAJ São José do Rio Preto
3531100,Mongaguá,6852,Mongaguá,Município Mongaguá da Comarca Mongaguá - 7ª RAJ Santos
3531209,Monte Alegre do Sul,6853,Monte Alegre do Sul,Município Monte Alegre do Sul está jurisdicionado à Comarca Amparo - 4ª RAJ Campinas
3531308,Monte Alto,6854,Monte Alto,Município Monte Alto da Comarca Monte Alto - 6ª RAJ Ribeirão Preto
3531407,Monte Aprazível,6855,Monte Aprazível,Município Monte Aprazível da Comarca Monte Aprazível - 8ª RAJ São José do Rio Preto
3531506,Monte Azul Paulista,6856,Monte Azul Paulista,Município Monte Azul Paulista da Comarca Monte Azul Paulista - 8ª RAJ São José do Rio Preto
3531605,Monte Castelo,6857,Monte Castelo,Município Monte Castelo está jurisdicionado à Comarca Tupi Paulista - 5ª RAJ Presidente Prudente
3531803,Monte Mor,6859,Monte Mor,Município Monte Mor da Comarca Monte Mor - 4ª RAJ Campinas
3531704,Monteiro Lobato,6858,Monteiro Lobato,Município Monteiro Lobato está jurisdicionado à Comarca São José dos Campos - 9ª RAJ São José dos Campos
3531902,Morro Agudo,6860,Morro Agudo,Município Morro Agudo da Comarca Morro Agudo - 6ª RAJ Ribeirão Preto
3532009,Morungaba,6861,Morungaba,Município Morungaba está jurisdicionado à Comarca Itatiba - 4ª RAJ Campinas
3532058,Motuca,6862,Motuca,Município Motuca está jurisdicionado à Comarca Américo Brasiliense - 6ª RAJ Ribeirão Preto
3532108,Murutinga do Sul,6863,Murutinga do Sul,Município Murutinga do Sul está jurisdicionado à Comarca Andradina - 2ª RAJ Araçatuba
3532157,Nantes,6864,Nantes,Município Nantes está jurisdicionado à Comarca Iepê - 5ª RAJ Presidente Prudente
3532207,Narandiba,6865,Narandiba,Município Narandiba está jurisdicionado à Comarca Pirapozinho - 5ª RAJ Presidente Prudente
3532306,Natividade da Serra,6866,Natividade da Serra,Município Natividade da Serra está jurisdicionado à Comarca Paraibuna - 9ª RAJ São José dos Campos
3532405,Nazaré Paulista,6867,Nazaré Paulista,Município Nazaré Paulista da Comarca Nazaré Paulista - 4ª RAJ Campinas
3532504,Neves Paulista,6868,Neves Paulista,Município Neves Paulista da Comarca Neves Paulista - 8ª RAJ São José do Rio Preto
3532603,Nhandeara,6869,Nhandeara,Município Nhandeara da Comarca Nhandeara - 8ª RAJ São José do Rio Preto
3532702,Nipoã,6870,Nipoã,Município Nipoã está jurisdicionado à Comarca Monte Aprazível - 8ª RAJ São José do Rio Preto
3532801,Nova Aliança,6871,Nova Aliança,Município Nova Aliança está jurisdicionado à Comarca Potirendaba - 8ª RAJ São José do Rio Preto
3532827,Nova Campina,6872,Nova Campina,Município Nova Campina está jurisdicionado à Comarca Itapeva - 10ª RAJ Sorocaba
3532843,Nova Canaã Paulista,6873,Nova Canaã Paulista,Município Nova Canaã Paulista está jurisdicionado à Comarca Santa Fé do Sul - 2ª RAJ Araçatuba
3532868,Nova Castilho,6874,Nova Castilho,Município Nova Castilho está jurisdicionado à Comarca General Salgado - 8ª RAJ São José do Rio Preto
3532900,Nova Europa,6875,Nova Europa,Município Nova Europa está jurisdicionado à Comarca Araraquara - 6ª RAJ Ribeirão Preto
3533007,Nova Granada,6876,Nova Granada,Município Nova Granada da Comarca Nova Granada - 8ª RAJ São José do Rio Preto
3533106,Nova Guataporanga,6877,Nova Guataporanga,Município Nova Guataporanga está jurisdicionado à Comarca Tupi Paulista - 5ª RAJ Presidente Prudente
3533205,Nova Independência,6878,Nova Independência,Município Nova Independência está jurisdicionado à Comarca Andradina - 2ª RAJ Araçatuba
3533304,Nova Luzitânia,6880,Nova Luzitânia,Município Nova Luzitânia está jurisdicionado à Comarca Nhandeara - 8ª RAJ São José do Rio Preto
3533403,Nova Odessa,6881,Nova Odessa,Município Nova Odessa da Comarca Nova Odessa - 4ª RAJ Campinas
3533254,Novais,6879,Novais,Município Novais está jurisdicionado à Comarca Tabapuã - 8ª RAJ São José do Rio Preto
3533502,Novo Horizonte,6882,Novo Horizonte,Município Novo Horizonte da Comarca Novo Horizonte - 8ª RAJ São José do Rio Preto
3533601,Nuporanga,6883,Nuporanga,Município Nuporanga da Comarca Nuporanga - 6ª RAJ Ribeirão Preto
3533700,Ocauçu,6884,Ocauçu,Município Ocauçu está jurisdicionado à Comarca Marília - 5ª RAJ Presidente Prudente
3533809,Óleo,6885,Óleo,Município Óleo está jurisdicionado à Comarca Piraju - 3ª RAJ Bauru
3533908,Olímpia,6886,Olímpia,Município Olímpia da Comarca Olímpia - 8ª RAJ São José do Rio Preto
3534005,Onda Verde,6887,Onda Verde,Município Onda Verde está jurisdicionado à Comarca Nova Granada - 8ª RAJ São José do Rio Preto
3534104,Oriente,6888,Oriente,Município Oriente está jurisdicionado à Comarca Pompéia - 5ª RAJ Presidente Prudente
3534203,Orindiúva,6889,Orindiúva,Município Orindiúva está jurisdicionado à Comarca Paulo de Faria - 8ª RAJ São José do Rio Preto
3534302,Orlândia,6890,Orlândia,Município Orlândia da Comarca Orlândia - 6ª RAJ Ribeirão Preto
3534401,Osasco,6891,Osasco,Município Osasco da Comarca Osasco - 1ª RAJ Grande São Paulo
3534500,Oscar Bressane,6892,Oscar Bressane,Município Oscar Bressane está jurisdicionado à Comarca Paraguaçu Paulista - 5ª RAJ Presidente Prudente
3534609,Osvaldo Cruz,6893,Osvaldo Cruz,Município Osvaldo Cruz da Comarca Osvaldo Cruz - 5ª RAJ Presidente Prudente
3534708,Ourinhos,6894,Ourinhos,Município Ourinhos da Comarca Ourinhos - 3ª RAJ Bauru
3534807,Ouro Verde,6896,Ouro Verde,Município Ouro Verde está jurisdicionado à Comarca Dracena - 5ª RAJ Presidente Prudente
3534757,Ouroeste,6895,Ouroeste,Município Ouroeste da Comarca Ouroeste - 8ª RAJ São José do Rio Preto
3534906,Pacaembu,6897,Pacaembu,Município Pacaembu da Comarca Pacaembu - 5ª RAJ Presidente Prudente
3535002,Palestina,6898,Palestina,Município Palestina da Comarca Palestina - 8ª RAJ São José do Rio Preto
3535101,Palmares Paulista,6899,Palmares Paulista,Município Palmares Paulista está jurisdicionado à Comarca Santa Adélia - 8ª RAJ São José do Rio Preto
3535200,Palmeira d'Oeste,6900,Palmeira d'Oeste,Município Palmeira d'Oeste da Comarca Palmeira d'Oeste - 2ª RAJ Araçatuba
3535309,Palmital,6901,Palmital,Município Palmital da Comarca Palmital - 5ª RAJ Presidente Prudente
3535408,Panorama,6902,Panorama,Município Panorama da Comarca Panorama - 5ª RAJ Presidente Prudente
3535507,Paraguaçu Paulista,6903,Paraguaçu Paulista,Município Paraguaçu Paulista da Comarca Paraguaçu Paulista - 5ª RAJ Presidente Prudente
3535606,Paraibuna,6904,Paraibuna,Município Paraibuna da Comarca Paraibuna - 9ª RAJ São José dos Campos
3535705,Paraíso,6905,Paraíso,Município Paraíso está jurisdicionado à Comarca Monte Azul Paulista - 8ª RAJ São José do Rio Preto
3535804,Paranapanema,6906,Paranapanema,Município Paranapanema da Comarca Paranapanema - 3ª RAJ Bauru
3535903,Paranapuã,6907,Paranapuã,Município Paranapuã está jurisdicionado à Comarca Jales - 2ª RAJ Araçatuba
3536000,Parapuã,6908,Parapuã,Município Parapuã está jurisdicionado à Comarca Osvaldo Cruz - 5ª RAJ Presidente Prudente
3536109,Pardinho,6909,Pardinho,Município Pardinho está jurisdicionado à Comarca Botucatu - 3ª RAJ Bauru
3536208,Pariquera-Açu,6910,Pariquera-Açu,Município Pariquera-Açu da Comarca Pariquera-Açu - 7ª RAJ Santos
3536257,Parisi,6911,Parisi,Município Parisi está jurisdicionado à Comarca Votuporanga - 8ª RAJ São José do Rio Preto
3536307,Patrocínio Paulista,6912,Patrocínio Paulista,Município Patrocínio Paulista da Comarca Patrocínio Paulista - 6ª RAJ Ribeirão Preto
3536406,Paulicéia,6913,Paulicéia,Município Paulicéia está jurisdicionado à Comarca Panorama - 5ª RAJ Presidente Prudente
3536505,Paulínia,6914,Paulínia,Município Paulínia da Comarca Paulínia - 4ª RAJ Campinas
3536570,Paulistânia,6915,Paulistânia,Município Paulistânia está jurisdicionado à Comarca Agudos - 3ª RAJ Bauru
3536604,Paulo de Faria,6916,Paulo de Faria,Município Paulo de Faria da Comarca Paulo de Faria - 8ª RAJ São José do Rio Preto
3536703,Pederneiras,6917,Pederneiras,Município Pederneiras da Comarca Pederneiras - 3ª RAJ Bauru
3536802,Pedra Bela,6918,Pedra Bela,Município Pedra Bela está jurisdicionado à Comarca Bragança Paulista - 4ª RAJ Campinas
3536901,Pedranópolis,6919,Pedranópolis,Município Pedranópolis está jurisdicionado à Comarca Fernandópolis - 8ª RAJ São José do Rio Preto
3537008,Pedregulho,6920,Pedregulho,Município Pedregulho da Comarca Pedregulho - 6ª RAJ Ribeirão Preto
3537107,Pedreira,6921,Pedreira,Município Pedreira da Comarca Pedreira - 4ª RAJ Campinas
3537156,Pedrinhas Paulista,6922,Pedrinhas Paulista,Município Pedrinhas Paulista está jurisdicionado à Comarca Maracaí - 5ª RAJ Presidente Prudente
3537206,Pedro de Toledo,6923,Pedro de Toledo,Município Pedro de Toledo está jurisdicionado à Comarca Itariri - 7ª RAJ Santos
3537305,Penápolis,6924,Penápolis,Município Penápolis da Comarca Penápolis - 2ª RAJ Araçatuba
3537404,Pereira Barreto,6925,Pereira Barreto,Município Pereira Barreto da Comarca Pereira Barreto - 2ª RAJ Araçatuba
3537503,Pereiras,6926,Pereiras,Município Pereiras está jurisdicionado à Comarca Conchas - 3ª RAJ Bauru
3537602,Peruíbe,6927,Peruíbe,Município Peruíbe da Comarca Peruíbe - 7ª RAJ Santos
3537701,Piacatu,6928,Piacatu,Município Piacatu está jurisdicionado à Comarca Bilac - 2ª RAJ Araçatuba
3537800,Piedade,6929,Piedade,Município Piedade da Comarca Piedade - 10ª RAJ Sorocaba
3537909,Pilar do Sul,6930,Pilar do Sul,Município Pilar do Sul da Comarca Pilar do Sul - 10ª RAJ Sorocaba
3538006,Pindamonhangaba,6931,Pindamonhangaba,Município Pindamonhangaba da Comarca Pindamonhangaba - 9ª RAJ São José dos Campos
3538105,Pindorama,6932,Pindorama,Município Pindorama está jurisdicionado à Comarca Catanduva - 0ª RAJ Sem Região
3538204,Pinhalzinho,6933,Pinhalzinho,Município Pinhalzinho da Comarca Pinhalzinho - 4ª RAJ Campinas
3538303,Piquerobi,6934,Piquerobi,Município Piquerobi está jurisdicionado à Comarca Santo Anastácio - 5ª RAJ Presidente Prudente
3538501,Piquete,6935,Piquete,Município Piquete da Comarca Piquete - 9ª RAJ São José dos Campos
3538600,Piracaia,6936,Piracaia,Município Piracaia da Comarca Piracaia - 4ª RAJ Campinas
3538709,Piracicaba,6937,Piracicaba,Município Piracicaba da Comarca Piracicaba - 4ª RAJ Campinas
3538808,Piraju,6938,Piraju,Município Piraju da Comarca Piraju - 3ª RAJ Bauru
3538907,Pirajuí,6939,Pirajuí,Município Pirajuí da Comarca Pirajuí - 3ª RAJ Bauru
3539004,Pirangi,6940,Pirangi,Município Pirangi da Comarca Pirangi - 6ª RAJ Ribeirão Preto
3539103,Pirapora do Bom Jesus,6941,Pirapora do Bom Jesus,Município Pirapora do Bom Jesus está jurisdicionado à Comarca Santana de Parnaíba - 1ª RAJ Grande São Paulo
3539202,Pirapozinho,6942,Pirapozinho,Município Pirapozinho da Comarca Pirapozinho - 5ª RAJ Presidente Prudente
3539301,Pirassununga,6943,Pirassununga,Município Pirassununga da Comarca Pirassununga - 4ª RAJ Campinas
3539400,Piratininga,6944,Piratininga,Município Piratininga da Comarca Piratininga - 3ª RAJ Bauru
3539509,Pitangueiras,6945,Pitangueiras,Município Pitangueiras da Comarca Pitangueiras - 6ª RAJ Ribeirão Preto
3539608,Planalto,6946,Planalto,Município Planalto está jurisdicionado à Comarca Buritama - 2ª RAJ Araçatuba
3539707,Platina,6947,Platina,Município Platina está jurisdicionado à Comarca Palmital - 5ª RAJ Presidente Prudente
3539806,Poá,6948,Poá,Município Poá da Comarca Poá - 1ª RAJ Grande São Paulo
3539905,Poloni,6949,Poloni,Município Poloni está jurisdicionado à Comarca Monte Aprazível - 8ª RAJ São José do Rio Preto
3540002,Pompéia,6950,Pompéia,Município Pompéia da Comarca Pompéia - 5ª RAJ Presidente Prudente
3540101,Pongaí,6951,Pongaí,Município Pongaí está jurisdicionado à Comarca Pirajuí - 3ª RAJ Bauru
3540200,Pontal,6952,Pontal,Município Pontal da Comarca Pontal - 6ª RAJ Ribeirão Preto
3540259,Pontalinda,6953,Pontalinda,Município Pontalinda está jurisdicionado à Comarca Jales - 2ª RAJ Araçatuba
3540309,Pontes Gestal,6954,Pontes Gestal,Município Pontes Gestal está jurisdicionado à Comarca Cardoso - 8ª RAJ São José do Rio Preto
3540408,Populina,6955,Populina,Município Populina está jurisdicionado à Comarca Estrela dOeste - 8ª RAJ São José do Rio Preto
3540507,Porangaba,6956,Porangaba,Município Porangaba da Comarca Porangaba - 10ª RAJ Sorocaba
3540606,Porto Feliz,6957,Porto Feliz,Município Porto Feliz da Comarca Porto Feliz - 10ª RAJ Sorocaba
3540705,Porto Ferreira,6958,Porto Ferreira,Município Porto Ferreira da Comarca Porto Ferreira - 4ª RAJ Campinas
3540754,Potim,6959,Potim,Município Potim está jurisdicionado à Comarca Aparecida - 9ª RAJ São José dos Campos
3540804,Potirendaba,6960,Potirendaba,Município Potirendaba da Comarca Potirendaba - 8ª RAJ São José do Rio Preto
3540853,Pracinha,6961,Pracinha,Município Pracinha está jurisdicionado à Comarca Lucélia - 5ª RAJ Presidente Prudente
3540903,Pradópolis,6962,Pradópolis,Município Pradópolis está jurisdicionado à Comarca Guariba - 6ª RAJ Ribeirão Preto
3541000,Praia Grande,6963,Praia Grande,Município Praia Grande da Comarca Praia Grande - 7ª RAJ Santos
3541059,Pratânia,6964,Pratânia,Município Pratânia está jurisdicionado à Comarca São Manuel - 3ª RAJ Bauru
3541109,Presidente Alves,6965,Presidente Alves,Município Presidente Alves está jurisdicionado à Comarca Pirajuí - 3ª RAJ Bauru
3541208,Presidente Bernardes,6966,Presidente Bernardes,Município Presidente Bernardes da Comarca Presidente Bernardes - 5ª RAJ Presidente Prudente
3541307,Presidente Epitácio,6967,Presidente Epitácio,Município Presidente Epitácio da Comarca Presidente Epitácio - 5ª RAJ Presidente Prudente
3541406,Presidente Prudente,6968,Presidente Prudente,Município Presidente Prudente da Comarca Presidente Prudente - 5ª RAJ Presidente Prudente
3541505,Presidente Venceslau,6969,Presidente Venceslau,Município Presidente Venceslau da Comarca Presidente Venceslau - 5ª RAJ Presidente Prudente
3541604,Promissão,6970,Promissão,Município Promissão da Comarca Promissão - 2ª RAJ Araçatuba
3541653,Quadra,6971,Quadra,Município Quadra está jurisdicionado à Comarca Tatuí - 10ª RAJ Sorocaba
3541703,Quatá,6972,Quatá,Município Quatá da Comarca Quatá - 5ª RAJ Presidente Prudente
3541802,Queiroz,6973,Queiroz,Município Queiroz está jurisdicionado à Comarca Tupã - 5ª RAJ Presidente Prudente
3541901,Queluz,6974,Queluz,Município Queluz da Comarca Queluz - 9ª RAJ São José dos Campos
3542008,Quintana,6975,Quintana,Município Quintana está jurisdicionado à Comarca Pompéia - 5ª RAJ Presidente Prudente
3542107,Rafard,6976,Rafard,Município Rafard está jurisdicionado à Comarca Capivari - 4ª RAJ Campinas
3542206,Rancharia,6977,Rancharia,Município Rancharia da Comarca Rancharia - 5ª RAJ Presidente Prudente
3542305,Redenção da Serra,6978,Redenção da Serra,Município Redenção da Serra está jurisdicionado à Comarca Taubaté - 9ª RAJ São José dos Campos
3542404,Regente Feijó,6979,Regente Feijó,Município Regente Feijó da Comarca Regente Feijó - 5ª RAJ Presidente Prudente
3542503,Reginópolis,6980,Reginópolis,Município Reginópolis está jurisdicionado à Comarca Pirajuí - 3ª RAJ Bauru
3542602,Registro,6981,Registro,Município Registro da Comarca Registro - 7ª RAJ Santos
3542701,Restinga,6982,Restinga,Município Restinga está jurisdicionado à Comarca Franca - 6ª RAJ Ribeirão Preto
3542800,Ribeira,6983,Ribeira,Município Ribeira está jurisdicionado à Comarca Apiaí - 10ª RAJ Sorocaba
3542909,Ribeirão Bonito,6984,Ribeirão Bonito,Município Ribeirão Bonito da Comarca Ribeirão Bonito - 6ª RAJ Ribeirão Preto
3543006,Ribeirão Branco,6985,Ribeirão Branco,Município Ribeirão Branco está jurisdicionado à Comarca Itapeva - 10ª RAJ Sorocaba
3543105,Ribeirão Corrente,6986,Ribeirão Corrente,Município Ribeirão Corrente está jurisdicionado à Comarca Franca - 6ª RAJ Ribeirão Preto
3543204,Ribeirão do Sul,6987,Ribeirão do Sul,Município Ribeirão do Sul está jurisdicionado à Comarca Ourinhos - 3ª RAJ Bauru
3543238,Ribeirão dos Índios,6988,Ribeirão dos Índios,Município Ribeirão dos Índios está jurisdicionado à Comarca Santo Anastácio - 5ª RAJ Presidente Prudente
3543253,Ribeirão Grande,6989,Ribeirão Grande,Município Ribeirão Grande está jurisdicionado à Comarca Capão Bonito - 10ª RAJ Sorocaba
3543303,Ribeirão Pires,6990,Ribeirão Pires,Município Ribeirão Pires da Comarca Ribeirão Pires - 1ª RAJ Grande São Paulo
3543402,Ribeirão Preto,6991,Ribeirão Preto,Município Ribeirão Preto da Comarca Ribeirão Preto - 6ª RAJ Ribeirão Preto
3543600,Rifaina,6993,Rifaina,Município Rifaina está jurisdicionado à Comarca Pedregulho - 6ª RAJ Ribeirão Preto
3543709,Rincão,6994,Rincão,Município Rincão está jurisdicionado à Comarca Américo Brasiliense - 6ª RAJ Ribeirão Preto
3543808,Rinópolis,6995,Rinópolis,Município Rinópolis está jurisdicionado à Comarca Tupã - 5ª RAJ Presidente Prudente
3543907,Rio Claro,6996,Rio Claro,Município Rio Claro da Comarca Rio Claro - 4ª RAJ Campinas
3544004,Rio das Pedras,6997,Rio das Pedras,Município Rio das Pedras da Comarca Rio das Pedras - 4ª RAJ Campinas
3544103,Rio Grande da Serra,6998,Rio Grande da Serra,Município Rio Grande da Serra da Comarca Rio Grande da Serra - 1ª RAJ Grande São Paulo
3544202,Riolândia,6999,Riolândia,Município Riolândia está jurisdicionado à Comarca Paulo de Faria - 8ª RAJ São José do Rio Preto
3543501,Riversul,6992,Riversul,Município Riversul está jurisdicionado à Comarca Itaporanga - 10ª RAJ Sorocaba
3544251,Rosana,7000,Rosana,Município Rosana da Comarca Rosana - 5ª RAJ Presidente Prudente
3544301,Roseira,7001,Roseira,Município Roseira da Comarca Roseira - 9ª RAJ São José dos Campos
3544400,Rubiácea,7002,Rubiácea,Município Rubiácea está jurisdicionado à Comarca Guararapes - 2ª RAJ Araçatuba
3544509,Rubinéia,7003,Rubinéia,Município Rubinéia está jurisdicionado à Comarca Santa Fé do Sul - 2ª RAJ Araçatuba
3544608,Sabino,7004,Sabino,Município Sabino está jurisdicionado à Comarca Lins - 2ª RAJ Araçatuba
3544707,Sagres,7005,Sagres,Município Sagres está jurisdicionado à Comarca Osvaldo Cruz - 5ª RAJ Presidente Prudente
3544806,Sales,7006,Sales,Município Sales está jurisdicionado à Comarca Urupês - 8ª RAJ São José do Rio Preto
3544905,Sales Oliveira,7007,Sales Oliveira,Município Sales Oliveira está jurisdicionado à Comarca Nuporanga - 6ª RAJ Ribeirão Preto
3545001,Salesópolis,7008,Salesópolis,Município Salesópolis da Comarca Salesópolis - 9ª RAJ São José dos Campos
3545100,Salmourão,7009,Salmourão,Município Salmourão está jurisdicionado à Comarca Osvaldo Cruz - 5ª RAJ Presidente Prudente
3545159,Saltinho,7010,Saltinho,Município Saltinho está jurisdicionado à Comarca Piracicaba - 4ª RAJ Campinas
3545209,Salto,7011,Salto,Município Salto da Comarca Salto - 10ª RAJ Sorocaba
3545308,Salto de Pirapora,7012,Salto de Pirapora,Município Salto de Pirapora da Comarca Salto de Pirapora - 10ª RAJ Sorocaba
3545407,Salto Grande,7013,Salto Grande,Município Salto Grande está jurisdicionado à Comarca Ourinhos - 3ª RAJ Bauru
3545506,Sandovalina,7014,Sandovalina,Município Sandovalina está jurisdicionado à Comarca Pirapozinho - 5ª RAJ Presidente Prudente
3545605,Santa Adélia,7015,Santa Adélia,Município Santa Adélia da Comarca Santa Adélia - 8ª RAJ São José do Rio Preto
3545704,Santa Albertina,7016,Santa Albertina,Município Santa Albertina está jurisdicionado à Comarca Jales - 2ª RAJ Araçatuba
3545803,Santa Bárbara d'Oeste,7017,Santa Bárbara d'Oeste,Município Santa Bárbara d'Oeste da Comarca Santa Bárbara d'Oeste - 4ª RAJ Campinas
3546009,Santa Branca,7018,Santa Branca,Município Santa Branca da Comarca Santa Branca - 9ª RAJ São José dos Campos
3546108,Santa Clara d'Oeste,7019,Santa Clara d'Oeste,Município Santa Clara d'Oeste está jurisdicionado à Comarca Santa Fé do Sul - 2ª RAJ Araçatuba
3546207,Santa Cruz da Conceição,7020,Santa Cruz da Conceição,Município Santa Cruz da Conceição está jurisdicionado à Comarca Leme - 4ª RAJ Campinas
3546256,Santa Cruz da Esperança,7021,Santa Cruz da Esperança,Município Santa Cruz da Esperança está jurisdicionado à Comarca Cajuru - 6ª RAJ Ribeirão Preto
3546306,Santa Cruz das Palmeiras,7022,Santa Cruz das Palmeiras,Município Santa Cruz das Palmeiras da Comarca Santa Cruz das Palmeiras - 6ª RAJ Ribeirão Preto
3546405,Santa Cruz do Rio Pardo,7023,Santa Cruz do Rio Pardo,Município Santa Cruz do Rio Pardo da Comarca Santa Cruz do Rio Pardo - 3ª RAJ Bauru
3546504,Santa Ernestina,7024,Santa Ernestina,Município Santa Ernestina está jurisdicionado à Comarca Taquaritinga - 6ª RAJ Ribeirão Preto
3546603,Santa Fé do Sul,7025,Santa Fé do Sul,Município Santa Fé do Sul da Comarca Santa Fé do Sul - 2ª RAJ Araçatuba
3546702,Santa Gertrudes,7026,Santa Gertrudes,Município Santa Gertrudes está jurisdicionado à Comarca Rio Claro - 4ª RAJ Campinas
3546801,Santa Isabel,7027,Santa Isabel,Município Santa Isabel da Comarca Santa Isabel - 1ª RAJ Grande São Paulo
3546900,Santa Lúcia,7028,Santa Lúcia,Município Santa Lúcia está jurisdicionado à Comarca Américo Brasiliense - 6ª RAJ Ribeirão Preto
3547007,Santa Maria da Serra,7029,Santa Maria da Serra,Município Santa Maria da Serra está jurisdicionado à Comarca São Pedro - 4ª RAJ Campinas
3547106,Santa Mercedes,7030,Santa Mercedes,Município Santa Mercedes está jurisdicionado à Comarca Panorama - 5ª RAJ Presidente Prudente
3547502,Santa Rita do Passa Quatro,7034,Santa Rita do Passa Quatro,Município Santa Rita do Passa Quatro da Comarca Santa Rita do Passa Quatro - 4ª RAJ Campinas
3547403,Santa Rita d'Oeste,7033,Santa Rita d'Oeste,Município Santa Rita d'Oeste está jurisdicionado à Comarca Santa Fé do Sul - 2ª RAJ Araçatuba
3547601,Santa Rosa de Viterbo,7035,Santa Rosa de Viterbo,Município Santa Rosa de Viterbo da Comarca Santa Rosa de Viterbo - 6ª RAJ Ribeirão Preto
3547650,Santa Salete,7036,Santa Salete,Município Santa Salete está jurisdicionado à Comarca Urânia - 0ª RAJ Sem Região
3547205,Santana da Ponte Pensa,7031,Santana da Ponte Pensa,Município Santana da Ponte Pensa está jurisdicionado à Comarca Santa Fé do Sul - 0ª RAJ Sem Região
3547304,Santana de Parnaíba,7032,Santana de Parnaíba,Município Santana de Parnaíba da Comarca Santana de Parnaíba - 1ª RAJ Grande São Paulo
3547700,Santo Anastácio,7037,Santo Anastácio,Município Santo Anastácio da Comarca Santo Anastácio - 5ª RAJ Presidente Prudente
3547809,Santo André,7038,Santo André,Município Santo André da Comarca Santo André - 1ª RAJ Grande São Paulo
3547908,Santo Antônio da Alegria,7039,Santo Antônio da Alegria,Município Santo Antônio da Alegria está jurisdicionado à Comarca Altinópolis - 6ª RAJ Ribeirão Preto
3548005,Santo Antônio de Posse,7040,Santo Antônio de Posse,Município Santo Antônio de Posse está jurisdicionado à Comarca Jaguariúna - 4ª RAJ Campinas
3548054,Santo Antônio do Aracanguá,7041,Santo Antônio do Aracanguá,Município Santo Antônio do Aracanguá está jurisdicionado à Comarca Araçatuba - 2ª RAJ Araçatuba
3548104,Santo Antônio do Jardim,7042,Santo Antônio do Jardim,Município Santo Antônio do Jardim está jurisdicionado à Comarca Espírito Santo do Pinhal - 4ª RAJ Campinas
3548203,Santo Antônio do Pinhal,7043,Santo Antônio do Pinhal,Município Santo Antônio do Pinhal está jurisdicionado à Comarca São Bento do Sapucaí - 9ª RAJ São José dos Campos
3548302,Santo Expedito,7044,Santo Expedito,Município Santo Expedito está jurisdicionado à Comarca Presidente Prudente - 5ª RAJ Presidente Prudente
3548401,Santópolis do Aguapeí,7045,Santópolis do Aguapeí,Município Santópolis do Aguapeí está jurisdicionado à Comarca Birigui - 2ª RAJ Araçatuba
3548500,Santos,7046,Santos,Município Santos da Comarca Santos - 7ª RAJ Santos
3548609,São Bento do Sapucaí,7047,São Bento do Sapucaí,Município São Bento do Sapucaí da Comarca São Bento do Sapucaí - 9ª RAJ São José dos Campos
3548708,São Bernardo do Campo,7048,São Bernardo do Campo,Município São Bernardo do Campo da Comarca São Bernardo do Campo - 1ª RAJ Grande São Paulo
3548807,São Caetano do Sul,7049,São Caetano do Sul,Município São Caetano do Sul da Comarca São Caetano do Sul - 1ª RAJ Grande São Paulo
3548906,São Carlos,7050,São Carlos,Município São Carlos da Comarca São Carlos - 6ª RAJ Ribeirão Preto
3549003,São Francisco,7051,São Francisco,Município São Francisco está jurisdicionado à Comarca Palmeira d'Oeste - 2ª RAJ Araçatuba
3549102,São João da Boa Vista,7052,São João da Boa Vista,Município São João da Boa Vista da Comarca São João da Boa Vista - 4ª RAJ Campinas
3549201,São João das Duas Pontes,7053,São João das Duas Pontes,Município São João das Duas Pontes está jurisdicionado à Comarca Estrela dOeste - 8ª RAJ São José do Rio Preto
3549250,São João de Iracema,7054,São João de Iracema,Município São João de Iracema está jurisdicionado à Comarca General Salgado - 8ª RAJ São José do Rio Preto
3549300,São João do Pau d'Alho,7055,São João do Pau d'Alho,Município São João do Pau d'Alho está jurisdicionado à Comarca Tupi Paulista - 5ª RAJ Presidente Prudente
3549409,São Joaquim da Barra,7056,São Joaquim da Barra,Município São Joaquim da Barra da Comarca São Joaquim da Barra - 6ª RAJ Ribeirão Preto
3549508,São José da Bela Vista,7057,São José da Bela Vista,Município São José da Bela Vista está jurisdicionado à Comarca Franca - 6ª RAJ Ribeirão Preto
3549607,São José do Barreiro,7058,São José do Barreiro,Município São José do Barreiro está jurisdicionado à Comarca Bananal - 9ª RAJ São José dos Campos
3549706,São José do Rio Pardo,7059,São José do Rio Pardo,Município São José do Rio Pardo da Comarca São José do Rio Pardo - 6ª RAJ Ribeirão Preto
3549805,São José do Rio Preto,7060,São José do Rio Preto,Município São José do Rio Preto da Comarca São José do Rio Preto - 8ª RAJ São José do Rio Preto
3549904,São José dos Campos,7061,São José dos Campos,Município São José dos Campos da Comarca São José dos Campos - 9ª RAJ São José dos Campos
3549953,São Lourenço da Serra,7062,São Lourenço da Serra,Município São Lourenço da Serra está jurisdicionado à Comarca Itapecerica da Serra - 1ª RAJ Grande São Paulo
3550001,São Luiz do Paraitinga,7063,São Luiz do Paraitinga,Município São Luiz do Paraitinga da Comarca São Luiz do Paraitinga - 9ª RAJ São José dos Campos
3550100,São Manuel,7064,São Manuel,Município São Manuel da Comarca São Manuel - 3ª RAJ Bauru
3550209,São Miguel Arcanjo,7065,São Miguel Arcanjo,Município São Miguel Arcanjo da Comarca São Miguel Arcanjo - 10ª RAJ Sorocaba
3550308,São Paulo,7066,São Paulo,Município São Paulo da Comarca São Paulo - 1ª RAJ Grande São Paulo
3550407,São Pedro,7067,São Pedro,Município São Pedro da Comarca São Pedro - 4ª RAJ Campinas
3550506,São Pedro do Turvo,7068,São Pedro do Turvo,Município São Pedro do Turvo está jurisdicionado à Comarca Santa Cruz do Rio Pardo - 3ª RAJ Bauru
3550605,São Roque,7069,São Roque,Município São Roque da Comarca São Roque - 10ª RAJ Sorocaba
3550704,São Sebastião,7070,São Sebastião,Município São Sebastião da Comarca São Sebastião - 9ª RAJ São José dos Campos
3550803,São Sebastião da Grama,7071,São Sebastião da Grama,Município São Sebastião da Grama da Comarca São Sebastião da Grama - 6ª RAJ Ribeirão Preto
3550902,São Simão,7072,São Simão,Município São Simão da Comarca São Simão - 6ª RAJ Ribeirão Preto
3551009,São Vicente,7073,São Vicente,Município São Vicente da Comarca São Vicente - 7ª RAJ Santos
3551108,Sarapuí,7074,Sarapuí,Município Sarapuí está jurisdicionado à Comarca Itapetininga - 10ª RAJ Sorocaba
3551207,Sarutaiá,7075,Sarutaiá,Município Sarutaiá está jurisdicionado à Comarca Piraju - 3ª RAJ Bauru
3551306,Sebastianópolis do Sul,7076,Sebastianópolis do Sul,Município Sebastianópolis do Sul está jurisdicionado à Comarca Macaubal - 8ª RAJ São José do Rio Preto
3551405,Serra Azul,7077,Serra Azul,Município Serra Azul está jurisdicionado à Comarca Cravinhos - 6ª RAJ Ribeirão Preto
3551603,Serra Negra,7079,Serra Negra,Município Serra Negra da Comarca Serra Negra - 4ª RAJ Campinas
3551504,Serrana,7078,Serrana,Município Serrana da Comarca Serrana - 6ª RAJ Ribeirão Preto
3551702,Sertãozinho,7080,Sertãozinho,Município Sertãozinho da Comarca Sertãozinho - 6ª RAJ Ribeirão Preto
3551801,Sete Barras,7081,Sete Barras,Município Sete Barras está jurisdicionado à Comarca Registro - 7ª RAJ Santos
3551900,Severínia,7082,Severínia,Município Severínia está jurisdicionado à Comarca Olímpia - 8ª RAJ São José do Rio Preto
3552007,Silveiras,7083,Silveiras,Município Silveiras está jurisdicionado à Comarca Cachoeira Paulista - 9ª RAJ São José dos Campos
3552106,Socorro,7084,Socorro,Município Socorro da Comarca Socorro - 4ª RAJ Campinas
3552205,Sorocaba,7085,Sorocaba,Município Sorocaba da Comarca Sorocaba - 10ª RAJ Sorocaba
3552304,Sud Mennucci,7086,Sud Mennucci,Município Sud Mennucci está jurisdicionado à Comarca Pereira Barreto - 2ª RAJ Araçatuba
3552403,Sumaré,7087,Sumaré,Município Sumaré da Comarca Sumaré - 4ª RAJ Campinas
3552551,Suzanápolis,7089,Suzanápolis,Município Suzanápolis está jurisdicionado à Comarca Pereira Barreto - 2ª RAJ Araçatuba
3552502,Suzano,7088,Suzano,Município Suzano da Comarca Suzano - 1ª RAJ Grande São Paulo
3552601,Tabapuã,7090,Tabapuã,Município Tabapuã da Comarca Tabapuã - 8ª RAJ São José do Rio Preto
3552700,Tabatinga,7091,Tabatinga,Município Tabatinga está jurisdicionado à Comarca Ibitinga - 6ª RAJ Ribeirão Preto
3552809,Taboão da Serra,7092,Taboão da Serra,Município Taboão da Serra da Comarca Taboão da Serra - 1ª RAJ Grande São Paulo
3552908,Taciba,7093,Taciba,Município Taciba está jurisdicionado à Comarca Regente Feijó - 5ª RAJ Presidente Prudente
3553005,Taguaí,7094,Taguaí,Município Taguaí está jurisdicionado à Comarca Fartura - 3ª RAJ Bauru
3553104,Taiaçu,7095,Taiaçu,Município Taiaçu está jurisdicionado à Comarca Jaboticabal - 6ª RAJ Ribeirão Preto
3553203,Taiúva,7096,Taiúva,Município Taiúva está jurisdicionado à Comarca Jaboticabal - 0ª RAJ Sem Região
3553302,Tambaú,7097,Tambaú,Município Tambaú da Comarca Tambaú - 6ª RAJ Ribeirão Preto
3553401,Tanabi,7098,Tanabi,Município Tanabi da Comarca Tanabi - 8ª RAJ São José do Rio Preto
3553500,Tapiraí,7099,Tapiraí,Município Tapiraí está jurisdicionado à Comarca Piedade - 10ª RAJ Sorocaba
3553609,Tapiratiba,7100,Tapiratiba,Município Tapiratiba está jurisdicionado à Comarca Caconde - 6ª RAJ Ribeirão Preto
3553658,Taquaral,7101,Taquaral,Município Taquaral está jurisdicionado à Comarca Pitangueiras - 6ª RAJ Ribeirão Preto
3553708,Taquaritinga,7102,Taquaritinga,Município Taquaritinga da Comarca Taquaritinga - 6ª RAJ Ribeirão Preto
3553807,Taquarituba,7103,Taquarituba,Município Taquarituba da Comarca Taquarituba - 3ª RAJ Bauru
3553856,Taquarivaí,7104,Taquarivaí,Município Taquarivaí está jurisdicionado à Comarca Itapeva - 10ª RAJ Sorocaba
3553906,Tarabai,7105,Tarabai,Município Tarabai está jurisdicionado à Comarca Pirapozinho - 5ª RAJ Presidente Prudente
3553955,Tarumã,7106,Tarumã,Município Tarumã está jurisdicionado à Comarca Assis - 5ª RAJ Presidente Prudente
3554003,Tatuí,7107,Tatuí,Município Tatuí da Comarca Tatuí - 10ª RAJ Sorocaba
3554102,Taubaté,7108,Taubaté,Município Taubaté da Comarca Taubaté - 9ª RAJ São José dos Campos
3554201,Tejupá,7109,Tejupá,Município Tejupá está jurisdicionado à Comarca Piraju - 3ª RAJ Bauru
3554300,Teodoro Sampaio,7110,Teodoro Sampaio,Município Teodoro Sampaio da Comarca Teodoro Sampaio - 5ª RAJ Presidente Prudente
3554409,Terra Roxa,7111,Terra Roxa,Município Terra Roxa está jurisdicionado à Comarca Viradouro - 8ª RAJ São José do Rio Preto
3554508,Tietê,7112,Tietê,Município Tietê da Comarca Tietê - 4ª RAJ Campinas
3554607,Timburi,7113,Timburi,Município Timburi está jurisdicionado à Comarca Piraju - 3ª RAJ Bauru
3554656,Torre de Pedra,7114,Torre de Pedra,Município Torre de Pedra está jurisdicionado à Comarca Porangaba - 10ª RAJ Sorocaba
3554706,Torrinha,7115,Torrinha,Município Torrinha está jurisdicionado à Comarca Brotas - 4ª RAJ Campinas
3554755,Trabiju,7116,Trabiju,Município Trabiju está jurisdicionado à Comarca Ribeirão Bonito - 6ª RAJ Ribeirão Preto
3554805,Tremembé,7117,Tremembé,Município Tremembé da Comarca Tremembé - 9ª RAJ São José dos Campos
3554904,Três Fronteiras,7118,Três Fronteiras,Município Três Fronteiras está jurisdicionado à Comarca Santa Fé do Sul - 2ª RAJ Araçatuba
3554953,Tuiuti,7119,Tuiuti,Município Tuiuti está jurisdicionado à Comarca Bragança Paulista - 4ª RAJ Campinas
3555000,Tupã,7120,Tupã,Município Tupã da Comarca Tupã - 5ª RAJ Presidente Prudente
3555109,Tupi Paulista,7121,Tupi Paulista,Município Tupi Paulista da Comarca Tupi Paulista - 5ª RAJ Presidente Prudente
3555208,Turiúba,7122,Turiúba,Município Turiúba está jurisdicionado à Comarca Buritama - 2ª RAJ Araçatuba
3555307,Turmalina,7123,Turmalina,Município Turmalina está jurisdicionado à Comarca Estrela dOeste - 8ª RAJ São José do Rio Preto
3555356,Ubarana,7124,Ubarana,Município Ubarana está jurisdicionado à Comarca José Bonifácio - 8ª RAJ São José do Rio Preto
3555406,Ubatuba,7125,Ubatuba,Município Ubatuba da Comarca Ubatuba - 9ª RAJ São José dos Campos
3555505,Ubirajara,7126,Ubirajara,Município Ubirajara está jurisdicionado à Comarca Duartina - 3ª RAJ Bauru
3555604,Uchoa,7127,Uchoa,Município Uchoa está jurisdicionado à Comarca São José do Rio Preto - 8ª RAJ São José do Rio Preto
3555703,União Paulista,7128,União Paulista,Município União Paulista está jurisdicionado à Comarca Macaubal - 8ª RAJ São José do Rio Preto
3555802,Urânia,7129,Urânia,Município Urânia da Comarca Urânia - 2ª RAJ Araçatuba
3555901,Uru,7130,Uru,Município Uru está jurisdicionado à Comarca Pirajuí - 3ª RAJ Bauru
3556008,Urupês,7131,Urupês,Município Urupês da Comarca Urupês - 8ª RAJ São José do Rio Preto
3556107,Valentim Gentil,7132,Valentim Gentil,Município Valentim Gentil está jurisdicionado à Comarca Votuporanga - 8ª RAJ São José do Rio Preto
3556206,Valinhos,7133,Valinhos,Município Valinhos da Comarca Valinhos - 4ª RAJ Campinas
3556305,Valparaíso,7134,Valparaíso,Município Valparaíso da Comarca Valparaíso - 2ª RAJ Araçatuba
3556354,Vargem,7135,Vargem,Município Vargem está jurisdicionado à Comarca Bragança Paulista - 4ª RAJ Campinas
3556404,Vargem Grande do Sul,7136,Vargem Grande do Sul,Município Vargem Grande do Sul da Comarca Vargem Grande do Sul - 4ª RAJ Campinas
3556453,Vargem Grande Paulista,7137,Vargem Grande Paulista,Município Vargem Grande Paulista da Comarca Vargem Grande Paulista - 1ª RAJ Grande São Paulo
3556503,Várzea Paulista,7138,Várzea Paulista,Município Várzea Paulista da Comarca Várzea Paulista - 4ª RAJ Campinas
3556602,Vera Cruz,7139,Vera Cruz,Município Vera Cruz está jurisdicionado à Comarca Marília - 5ª RAJ Presidente Prudente
3556701,Vinhedo,7140,Vinhedo,Município Vinhedo da Comarca Vinhedo - 4ª RAJ Campinas
3556800,Viradouro,7141,Viradouro,Município Viradouro da Comarca Viradouro - 8ª RAJ São José do Rio Preto
3556909,Vista Alegre do Alto,7142,Vista Alegre do Alto,Município Vista Alegre do Alto está jurisdicionado à Comarca Pirangi - 6ª RAJ Ribeirão Preto
3556958,Vitória Brasil,7143,Vitória Brasil,Município Vitória Brasil está jurisdicionado à Comarca Jales - 2ª RAJ Araçatuba
3557006,Votorantim,7144,Votorantim,Município Votorantim da Comarca Votorantim - 10ª RAJ Sorocaba
3557105,Votuporanga,7145,Votuporanga,Município Votuporanga da Comarca Votuporanga - 8ª RAJ São José do Rio Preto
3557154,Zacarias,7146,Zacarias,Município Zacarias está jurisdicionado à Comarca Buritama - 2ª RAJ Araçatuba
